<?xml version="1.0" encoding="UTF-8"?>
<project-private xmlns="http://www.netbeans.org/ns/project-private/1">
    <editor-bookmarks xmlns="http://www.netbeans.org/ns/editor-bookmarks/2" lastBookmarkId="0"/>
    <open-files xmlns="http://www.netbeans.org/ns/projectui-open-files/2">
        <group>
            <file>file:/C:/Users/Pablo/Documents/NetBeansProjects/DAWSwing/src/dawswing/DAWSwing.java</file>
            <file>file:/C:/Users/Pablo/Documents/NetBeansProjects/DAWSwing/src/dawswing/Principal.java</file>
            <file>file:/C:/Users/Pablo/Documents/NetBeansProjects/DAWSwing/src/dawswing/Totales.java</file>
            <file>file:/C:/Users/Pablo/Documents/NetBeansProjects/DAWSwing/src/dawswing/EntradaProducto.java</file>
            <file>file:/C:/Users/Pablo/Documents/NetBeansProjects/DAWSwing/src/dawswing/Prenda.java</file>
            <file>file:/C:/Users/Pablo/Documents/NetBeansProjects/DAWSwing/src/dawswing/SalidaProducto.java</file>
            <file>file:/C:/Users/Pablo/Documents/NetBeansProjects/DAWSwing/src/dawswing/AltaPrendas.java</file>
        </group>
    </open-files>
</project-private>
